id;Fecha;Incertidum;Fallecidos;Economicas
1;14/11/1928;High;5;0
2;19/11/1933;High;3;0
3;25/11/1933;High;0;0
4;9/11/1937;High;2;0
5;9/09/1941;High;0;0
6;26/12/1942;High;5;0
7;25/04/1943;High;0;0
8;5/09/1944;Mid;0;0
9;24/10/1945;High;0;0
10;31/12/1946;Mid;0;0
11;17/02/1947;Mid;1;0
12;18/02/1951;High;0;0
13;1/07/1954;High;0;0
14;11/07/1954;High;100;67
15;27/10/1955;High;0;0
16;25/11/1955;High;0;0
17;25/01/1960;High;1;0
18;3/03/1965;High;1;0
19;9/08/1965;Mid;1;0
20;23/05/1966;High;1;0
21;24/09/1966;Mid;1;0
22;5/06/1967;Mid;0;0
23;6/05/1969;High;0;0
24;16/05/1969;Mid;0;0
25;9/10/1970;High;0;0
26;2/02/1971;High;0;0
27;6/02/1971;High;0;0
28;21/03/1971;High;0;0
29;20/08/1971;High;0;0
30;1/11/1971;High;4;0
31;3/05/1972;High;3;0
32;12/05/1972;High;4;0
33;24/06/1973;High;13;0
34;1/09/1973;Mid;0;0
35;6/01/1974;High;0;0
36;28/09/1974;Mid;50;0
37;2/10/1974;High;0;0
38;28/10/1974;High;0;0
39;3/02/1975;High;18;0
40;9/06/1975;Mid;2;0
41;23/08/1975;Mid;2;0
42;28/10/1975;High;0;0
43;2/11/1976;Mid;0;0
44;28/04/1977;Mid;0;0
45;31/05/1977;High;4;0
46;10/06/1977;Mid;4;0
47;13/06/1979;Mid;0;0
48;28/06/1979;High;0;0
49;24/09/1979;Mid;0;0
50;4/11/1979;Mid;0;0
51;27/11/1979;High;2;0
52;28/11/1979;High;2;0
53;3/05/1980;High;4;0
54;4/05/1980;High;1;0
55;10/05/1980;High;0;0
56;3/10/1980;High;0;100
57;28/11/1980;Mid;0;0
58;18/04/1981;Mid;0;24
59;19/04/1981;Mid;0;0
60;2/05/1981;Mid;0;0
61;3/05/1981;Mid;0;0
62;4/05/1981;High;0;0
63;5/05/1981;High;0;0
64;9/05/1981;Mid;0;0
65;10/05/1981;Mid;0;0
66;22/05/1981;Mid;0;0
67;22/05/1981;Mid;0;0
68;22/05/1981;Mid;0;0
69;25/05/1981;Mid;0;0
70;8/06/1981;Mid;0;0
71;9/06/1981;Mid;0;0
72;30/06/1981;Mid;0;0
73;2/07/1981;Mid;0;0
74;19/09/1981;Mid;0;0
75;13/10/1981;Mid;0;0
76;21/10/1981;Mid;0;0
77;28/11/1981;Mid;0;0
78;29/11/1981;Mid;0;0
79;11/12/1981;Mid;0;0
80;22/12/1981;Mid;0;0
81;7/01/1982;High;0;0
82;30/01/1982;Mid;0;0
83;31/01/1982;Mid;0;0
84;26/02/1982;High;0;0
85;8/04/1982;Mid;0;0
86;27/04/1982;Mid;0;0
87;8/05/1982;Mid;0;0
88;22/05/1982;Mid;0;0
89;24/05/1982;High;0;0
90;27/05/1982;Mid;0;0
91;6/07/1982;Mid;1;0
92;24/10/1982;Mid;0;0
93;17/04/1983;Mid;0;0
94;17/04/1983;Mid;0;0
95;19/04/1983;Mid;0;0
96;23/04/1983;Mid;0;0
97;29/04/1983;Mid;0;0
98;18/05/1983;Mid;0;0
99;31/05/1983;Mid;0;0
100;6/09/1983;Mid;0;0
101;6/09/1983;Mid;0;0
102;19/09/1983;High;0;0
103;21/09/1983;Mid;0;0
104;30/10/1983;High;0;0
105;21/12/1983;Mid;0;0
106;18/01/1984;High;0;0
107;30/01/1984;Mid;0;0
108;8/05/1984;Mid;0;0
109;9/05/1984;Mid;0;0
110;14/05/1984;Mid;0;0
111;15/05/1984;Mid;0;0
112;15/05/1984;Mid;0;0
113;22/05/1984;Mid;0;0
114;16/06/1984;Mid;0;0
115;17/06/1984;High;0;0
116;22/06/1984;Mid;0;0
117;5/07/1984;High;0;0
118;13/07/1984;Mid;0;0
119;13/07/1984;Mid;0;0
120;13/07/1984;Mid;0;0
121;31/07/1984;High;1;0
122;1/08/1984;Mid;0;0
123;20/08/1984;Mid;1;0
124;14/09/1984;Mid;0;0
125;17/09/1984;Mid;0;0
126;19/09/1984;Mid;0;0
127;22/09/1984;Mid;0;0
128;15/10/1984;Mid;0;0
129;15/10/1984;Mid;0;0
130;19/10/1984;High;0;0
131;26/10/1984;Mid;0;0
132;27/10/1984;Mid;0;0
133;30/10/1984;High;0;0
134;1/11/1984;Mid;0;0
135;27/11/1984;Mid;0;0
136;7/12/1984;Mid;0;0
137;10/12/1984;Mid;0;0
138;15/01/1985;Mid;0;0
139;10/03/1985;Mid;0;0
140;10/05/1985;Mid;0;0
141;26/05/1985;Mid;0;0
142;4/06/1985;Mid;0;0
143;2/08/1985;High;2;22
144;8/08/1985;Mid;0;0
145;20/08/1985;Mid;0;0
146;21/08/1985;Mid;0;0
147;22/08/1985;Mid;2;1
148;23/08/1985;Mid;4;0
149;26/08/1985;Mid;0;0
150;5/09/1985;High;7;60
151;16/09/1985;Mid;0;0
152;24/09/1985;Mid;6;0
153;25/09/1985;Mid;0;0
154;25/09/1985;Mid;4;0
155;25/09/1985;Mid;0;0
156;26/09/1985;Mid;6;0
157;26/09/1985;Mid;0;0
158;30/09/1985;High;0;0
159;4/10/1985;Mid;0;0
160;8/10/1985;Mid;0;0
161;23/10/1985;Mid;0;0
162;29/10/1985;Mid;0;0
163;11/11/1985;High;0;0
164;13/11/1985;Mid;0;0
165;27/11/1985;Mid;0;0
166;8/03/1986;Mid;0;0
167;11/03/1986;Mid;1;0
168;15/03/1986;Mid;0;27
169;1/04/1986;Mid;0;0
170;21/04/1986;Mid;0;0
171;23/04/1986;Mid;0;0
172;24/05/1986;Mid;0;0
173;2/06/1986;Mid;0;0
174;2/06/1986;Mid;0;0
175;11/06/1986;Mid;0;0
176;29/08/1986;Mid;0;0
177;31/08/1986;High;0;0
178;8/10/1986;Mid;0;0
179;11/10/1986;Mid;0;0
180;12/10/1986;Mid;0;0
181;16/10/1986;Mid;0;0
182;19/10/1986;Mid;0;0
183;21/10/1986;Mid;1;0
184;21/10/1986;High;1;0
185;21/10/1986;Mid;0;0
186;22/10/1986;Mid;1;0
187;25/10/1986;High;0;25
188;25/10/1986;Mid;0;0
189;29/10/1986;High;0;22
190;4/11/1986;High;0;0
191;5/04/1987;Mid;0;0
192;3/05/1987;Mid;0;0
193;31/07/1987;Mid;0;0
194;26/09/1987;High;0;0
195;29/09/1987;Mid;0;0
196;29/09/1987;High;0;0
197;8/10/1987;Mid;0;0
198;8/10/1987;Mid;0;0
199;9/10/1987;Mid;0;0
200;27/12/1987;Mid;0;0
201;17/01/1988;High;0;0
202;25/06/1988;Mid;0;0
203;25/06/1988;Mid;0;0
204;25/06/1988;Mid;0;0
205;5/07/1988;Mid;0;12
206;5/07/1988;Mid;0;0
207;5/07/1988;Mid;0;0
208;7/07/1988;Mid;0;0
209;7/07/1988;Mid;0;0
210;7/07/1988;Mid;0;0
211;10/07/1988;Mid;0;0
212;4/08/1988;High;3;0
213;14/08/1988;High;0;0
214;14/08/1988;High;0;0
215;15/08/1988;High;3;0
216;15/08/1988;Mid;0;0
217;20/08/1988;Mid;0;0
218;20/08/1988;Mid;0;0
219;20/08/1988;Mid;0;0
220;29/08/1988;Mid;0;9
221;29/08/1988;Mid;0;36
222;29/08/1988;Mid;0;0
223;15/09/1988;Mid;0;0
224;13/10/1988;Mid;0;0
225;14/10/1988;Mid;1;0
226;16/10/1988;High;1;0
227;17/10/1988;Mid;0;6
228;17/10/1988;Mid;0;0
229;17/10/1988;Mid;0;0
230;18/10/1988;Mid;0;0
231;23/10/1988;Mid;0;0
232;26/10/1988;Mid;0;0
233;10/11/1988;Mid;0;0
234;10/11/1988;High;0;0
235;18/11/1988;High;0;0
236;21/11/1988;Mid;0;0
237;22/11/1988;Mid;0;0
238;22/11/1988;Mid;0;0
239;22/11/1988;Mid;0;0
240;22/11/1988;Mid;0;0
241;24/11/1988;Mid;0;0
242;18/12/1988;High;0;0
243;3/01/1989;Mid;0;0
244;26/02/1989;Mid;0;0
245;10/04/1989;Mid;0;0
246;4/09/1989;High;4;0
247;10/09/1989;Mid;0;0
248;10/09/1989;Mid;0;32
249;11/09/1989;Mid;0;0
250;12/09/1989;Mid;0;0
251;12/09/1989;Mid;0;0
252;21/10/1989;Mid;0;0
253;21/10/1989;Mid;0;0
254;31/10/1989;Mid;0;0
255;31/10/1989;Mid;0;0
256;1/05/1990;Mid;0;0
257;4/05/1990;Mid;0;0
258;24/08/1990;Mid;0;0
259;1/09/1990;Mid;0;0
260;4/09/1990;Mid;0;0
261;21/09/1990;High;0;0
262;8/10/1990;High;4;0
263;9/10/1990;Mid;0;0
264;19/10/1990;Mid;0;0
265;22/10/1990;Mid;0;3
266;25/10/1990;Mid;0;0
267;27/10/1990;High;1;948
268;29/10/1990;High;0;0
269;1/11/1990;Mid;0;0
270;2/11/1990;High;0;0
271;4/11/1990;Mid;0;7
272;5/11/1990;Mid;0;0
273;9/12/1990;High;0;0
274;2/02/1991;Mid;0;0
275;22/05/1991;Mid;0;0
276;23/05/1991;Mid;0;6
277;8/06/1991;Mid;0;0
278;19/09/1991;Mid;0;1
279;23/09/1991;Mid;0;0
280;24/09/1991;Mid;0;0
281;17/10/1991;Mid;0;0
282;17/10/1991;Mid;0;0
283;18/10/1991;Mid;0;0
284;15/11/1991;Mid;0;0
285;12/01/1992;Mid;0;0
286;15/02/1992;Mid;0;6
287;6/09/1992;Mid;0;5
288;21/09/1992;Mid;0;0
289;22/09/1992;Mid;0;10
290;6/10/1992;Mid;0;2
291;5/11/1992;Mid;0;0
292;8/11/1992;Mid;0;1
293;13/11/1992;Mid;0;6
294;19/11/1992;Mid;0;10
295;10/12/1992;Mid;0;0
296;24/01/1993;Mid;0;0
297;1/02/1993;Mid;0;14
298;24/02/1993;Mid;0;20
299;16/03/1993;High;0;0
300;20/03/1993;Mid;0;0
301;19/04/1993;High;0;0
302;27/04/1993;Mid;0;0
303;29/04/1993;Mid;0;4
304;29/04/1993;Mid;0;8
305;6/05/1993;Mid;0;11
306;1/06/1993;Mid;0;0
307;1/06/1993;Mid;0;0
308;10/06/1993;Mid;0;0
309;3/07/1993;High;0;0
310;14/07/1993;High;0;0
311;15/07/1993;High;0;0
312;29/07/1993;Mid;0;0
313;14/09/1993;Mid;0;0
314;15/09/1993;Mid;0;8
315;16/09/1993;Mid;0;0
316;1/10/1993;Mid;0;0
317;10/10/1993;Mid;1;11
318;19/10/1993;Mid;0;4
319;3/11/1993;Mid;0;13
320;20/11/1993;Mid;0;0
321;24/11/1993;Mid;0;0
322;13/12/1993;Mid;0;5
323;13/12/1993;Mid;0;0
324;14/12/1993;Mid;0;0
325;14/12/1993;Mid;0;0
326;16/01/1994;Mid;0;0
327;2/03/1994;Mid;0;0
328;5/04/1994;Mid;0;46
329;12/04/1994;Mid;0;5
330;20/04/1994;Mid;0;0
331;24/04/1994;Mid;0;12
332;1/05/1994;Mid;0;50
333;10/05/1994;Mid;0;0
334;12/05/1994;Mid;0;0
335;17/05/1994;Mid;0;10
336;23/05/1994;Mid;0;100
337;25/05/1994;Mid;0;11
338;29/05/1994;Mid;0;0
339;22/06/1994;Mid;0;100
340;11/07/1994;Mid;0;0
341;7/09/1994;High;3;0
342;11/09/1994;Mid;0;0
343;18/09/1994;Mid;0;9
344;26/09/1994;Mid;0;0
345;26/09/1994;High;0;0
346;10/10/1994;Mid;0;0
347;12/10/1994;Mid;0;10
348;12/10/1994;Mid;0;0
349;12/10/1994;Mid;0;0
350;19/10/1994;Mid;0;20
351;23/10/1994;Mid;0;0
352;24/10/1994;Mid;0;0
353;24/10/1994;Mid;0;0
354;24/10/1994;Mid;0;0
355;24/10/1994;Mid;0;0
356;24/10/1994;Mid;0;5
357;24/10/1994;Mid;0;4
358;24/10/1994;Mid;0;6
359;24/10/1994;Mid;0;1
360;25/10/1994;Mid;0;0
361;26/10/1994;Mid;0;0
362;31/10/1994;Mid;0;0
363;31/10/1994;Mid;0;0
364;1/11/1994;Mid;0;65
365;2/11/1994;Mid;0;0
366;3/11/1994;High;5;0
367;3/11/1994;High;7;7
368;3/11/1994;High;0;0
369;3/11/1994;High;0;0
370;5/11/1994;High;0;2
371;7/11/1994;High;0;0
372;8/11/1994;Mid;0;5
373;8/11/1994;Mid;0;0
374;9/11/1994;High;0;0
375;23/11/1994;Mid;0;0
376;23/11/1994;Mid;0;0
377;24/11/1994;Mid;0;4
378;24/11/1994;Mid;0;5
379;24/11/1994;High;0;0
380;24/11/1994;Mid;0;35
381;24/11/1994;Mid;0;0
382;24/11/1994;Mid;0;5
383;24/11/1994;Mid;0;8
384;25/11/1994;High;0;0
385;25/11/1994;Mid;0;0
386;25/11/1994;Mid;0;0
387;25/11/1994;Mid;0;0
388;25/11/1994;Mid;0;13
389;20/12/1994;High;0;0
390;14/03/1995;High;0;12
391;21/03/1995;Mid;0;0
392;22/03/1995;Mid;0;0
393;21/04/1995;Mid;0;0
394;23/04/1995;Mid;0;8
395;29/04/1995;Mid;0;0
396;14/05/1995;High;0;0
397;14/05/1995;Mid;1;0
398;15/05/1995;Mid;1;10
399;15/05/1995;Mid;1;0
400;15/05/1995;Mid;1;0
401;6/06/1995;Mid;0;0
402;6/06/1995;High;0;0
403;6/06/1995;High;0;6
404;7/06/1995;Mid;0;0
405;7/06/1995;Mid;0;0
406;7/06/1995;Mid;0;0
407;7/06/1995;Mid;0;0
408;14/06/1995;Mid;0;0
409;26/07/1995;Mid;0;0
410;29/07/1995;Mid;0;0
411;31/07/1995;Mid;0;0
412;1/08/1995;Mid;0;0
413;1/08/1995;Mid;0;0
414;3/08/1995;Mid;0;0
415;4/08/1995;Mid;0;0
416;4/08/1995;Mid;0;0
417;4/08/1995;Mid;0;0
418;4/08/1995;Mid;0;0
419;11/08/1995;Mid;0;0
420;11/08/1995;Mid;0;0
421;14/08/1995;Mid;0;0
422;16/08/1995;Mid;0;0
423;19/08/1995;Mid;0;0
424;19/08/1995;Mid;0;0
425;20/08/1995;Mid;0;0
426;20/08/1995;Mid;0;0
427;20/08/1995;Mid;0;200
428;20/08/1995;Mid;0;0
429;20/08/1995;High;0;0
430;20/08/1995;High;0;0
431;20/08/1995;Mid;0;0
432;20/08/1995;Mid;0;0
433;20/08/1995;Mid;0;0
434;20/08/1995;Mid;0;0
435;21/08/1995;Mid;0;0
436;21/08/1995;Mid;0;0
437;21/08/1995;High;0;0
438;21/08/1995;High;0;0
439;21/08/1995;High;0;0
440;21/08/1995;High;0;0
441;21/08/1995;Mid;0;0
442;22/08/1995;Mid;0;0
443;22/08/1995;Mid;0;0
444;22/08/1995;Mid;0;32
445;22/08/1995;Mid;0;0
446;22/08/1995;Mid;0;0
447;23/08/1995;Mid;0;0
448;27/08/1995;High;0;0
449;6/12/1995;Mid;0;0
450;11/12/1995;Mid;0;0
451;13/12/1995;Mid;0;0
452;16/12/1995;Mid;0;0
453;15/01/1996;High;0;3
454;17/02/1996;Mid;0;0
455;17/02/1996;Mid;0;0
456;21/02/1996;High;0;0
457;15/04/1996;Mid;0;0
458;12/05/1996;High;2;0
459;12/05/1996;Mid;0;22
460;12/05/1996;Mid;0;0
461;13/05/1996;Mid;0;0
462;14/05/1996;Mid;0;0
463;16/05/1996;Mid;0;0
464;21/05/1996;Mid;0;0
465;22/05/1996;Mid;0;0
466;26/05/1996;Mid;0;0
467;28/05/1996;Mid;0;0
468;29/05/1996;Mid;0;0
469;30/05/1996;Mid;0;0
470;30/05/1996;Mid;0;0
471;30/05/1996;Mid;0;0
472;30/05/1996;Mid;0;0
473;27/06/1996;Mid;0;0
474;29/06/1996;Mid;0;0
475;1/07/1996;Mid;0;0
476;1/07/1996;Mid;0;0
477;1/07/1996;Mid;0;0
478;1/07/1996;High;0;0
479;4/07/1996;High;0;0
480;6/07/1996;Mid;0;0
481;7/07/1996;Mid;0;0
482;7/07/1996;Mid;0;0
483;16/07/1996;High;0;0
484;16/08/1996;Mid;0;0
485;2/09/1996;Mid;0;0
486;12/10/1996;Mid;0;0
487;28/10/1996;Mid;0;0
488;20/11/1996;Mid;0;0
489;27/12/1996;Mid;0;0
490;5/01/1997;Mid;0;0
491;22/01/1997;High;0;45
492;25/01/1997;Mid;0;0
493;31/01/1997;Mid;0;0
494;1/02/1997;Mid;0;17
495;13/02/1997;Mid;0;0
496;13/02/1997;Mid;0;0
497;11/03/1997;Mid;0;0
498;19/03/1997;High;0;0
499;5/04/1997;Mid;0;0
500;6/04/1997;Mid;0;0
501;14/04/1997;Mid;0;0
502;14/04/1997;Mid;0;0
503;21/04/1997;High;0;10
504;25/04/1997;Mid;0;0
505;28/04/1997;Mid;0;0
506;5/06/1997;Mid;0;0
507;5/06/1997;Mid;0;0
508;7/06/1997;High;0;0
509;10/06/1997;High;0;0
510;11/06/1997;Mid;0;0
511;18/06/1997;Mid;0;0
512;18/06/1997;Mid;0;0
513;2/07/1997;Mid;0;0
514;10/08/1997;Mid;0;0
515;19/08/1997;Mid;0;0
516;20/08/1997;High;0;0
517;1/09/1997;High;0;0
518;30/10/1997;High;0;0
519;19/11/1997;High;0;0
520;19/11/1997;High;0;0
521;5/02/1998;High;0;0
522;19/02/1998;Mid;0;0
523;26/03/1998;Mid;0;0
524;12/04/1998;Mid;0;0
525;12/04/1998;High;0;0
526;15/04/1998;High;0;0
527;24/04/1998;High;0;0
528;25/04/1998;Mid;0;0
529;27/04/1998;Mid;0;0
530;27/04/1998;Mid;0;0
531;2/05/1998;High;0;0
532;3/05/1998;Mid;0;0
533;4/05/1998;Mid;0;0
534;11/05/1998;Mid;0;0
535;11/05/1998;Mid;0;25
536;12/05/1998;Mid;0;2
537;12/05/1998;Mid;0;12
538;17/05/1998;Mid;0;0
539;19/05/1998;High;0;0
540;26/05/1998;High;0;0
541;26/05/1998;Mid;0;0
542;27/05/1998;High;0;0
543;30/05/1998;High;0;0
544;30/05/1998;High;0;0
545;30/05/1998;Mid;0;8
546;31/05/1998;Mid;0;0
547;1/06/1998;High;0;0
548;1/06/1998;High;0;0
549;4/06/1998;Mid;0;0
550;5/06/1998;High;0;0
551;29/06/1998;High;0;0
552;12/07/1998;Mid;0;0
553;30/07/1998;High;0;0
554;4/08/1998;Mid;0;0
555;2/09/1998;Mid;2;12
556;3/09/1998;Mid;0;0
557;3/09/1998;Mid;0;0
558;5/09/1998;Mid;0;0
559;9/09/1998;Mid;0;0
560;21/09/1998;Mid;0;0
561;22/09/1998;High;0;0
562;23/09/1998;Mid;0;0
563;24/09/1998;Mid;0;7
564;25/09/1998;Mid;0;0
565;28/09/1998;Mid;0;0
566;29/09/1998;Mid;0;0
567;29/09/1998;Mid;0;0
568;5/10/1998;Mid;0;0
569;5/10/1998;High;0;0
570;6/10/1998;Mid;0;0
571;7/10/1998;High;0;0
572;9/10/1998;Mid;0;15
573;15/10/1998;High;0;0
574;19/10/1998;Mid;0;0
575;22/10/1998;Mid;0;0
576;24/10/1998;Mid;0;0
577;25/10/1998;High;0;0
578;25/10/1998;Mid;0;0
579;27/10/1998;High;0;0
580;29/10/1998;Mid;0;0
581;8/11/1998;Mid;0;0
582;16/11/1998;Mid;0;0
583;17/11/1998;Mid;0;0
584;28/11/1998;Mid;1;0
585;28/11/1998;Mid;1;1
586;8/12/1998;High;0;0
587;16/12/1998;Mid;0;0
588;20/12/1998;Mid;0;0
589;20/12/1998;Mid;0;0
590;21/12/1998;High;0;0
591;22/12/1998;Mid;0;0
592;26/12/1998;Mid;0;0
593;27/12/1998;Mid;1;0
594;4/01/1999;High;0;0
595;6/01/1999;Mid;0;0
596;9/02/1999;High;0;0
597;21/02/1999;High;0;0
598;23/02/1999;High;0;0
599;24/02/1999;Mid;0;0
600;24/02/1999;Mid;0;0
601;24/02/1999;Mid;0;0
602;25/02/1999;High;0;0
603;28/02/1999;Mid;0;0
604;2/03/1999;Mid;0;0
605;2/03/1999;High;0;0
606;8/03/1999;High;0;0
607;14/03/1999;High;0;0
608;18/03/1999;High;0;0
609;18/03/1999;High;0;0
610;25/03/1999;Mid;0;0
611;25/03/1999;High;0;0
612;25/03/1999;High;0;0
613;30/03/1999;High;0;0
614;27/04/1999;Mid;0;0
615;2/05/1999;High;0;0
616;7/05/1999;Mid;0;0
617;9/05/1999;High;0;0
618;11/05/1999;Mid;0;0
619;12/05/1999;Mid;0;0
620;12/05/1999;Mid;0;0
621;13/05/1999;Mid;0;0
622;13/05/1999;High;0;0
623;21/05/1999;High;0;0
624;31/05/1999;High;0;0
625;7/06/1999;High;0;0
626;8/06/1999;Mid;0;0
627;8/06/1999;High;0;0
628;8/06/1999;High;0;0
629;8/06/1999;High;0;0
630;8/06/1999;Mid;0;0
631;8/06/1999;Mid;2;0
632;9/06/1999;Mid;0;0
633;9/06/1999;High;0;0
634;9/06/1999;High;0;0
635;9/06/1999;High;0;0
636;9/06/1999;Mid;0;0
637;10/06/1999;High;0;0
638;13/06/1999;Mid;0;0
639;14/06/1999;Mid;0;3
640;14/06/1999;Mid;0;5
641;17/06/1999;High;0;0
642;19/06/1999;Mid;0;0
643;19/06/1999;High;0;0
644;19/06/1999;High;0;0
645;27/06/1999;Mid;0;0
646;27/06/1999;Mid;0;0
647;28/06/1999;High;0;0
648;28/06/1999;High;0;0
649;30/06/1999;Mid;0;0
650;6/07/1999;Mid;0;0
651;8/07/1999;High;0;0
652;8/07/1999;High;0;0
653;8/07/1999;High;0;0
654;8/07/1999;Mid;0;0
655;11/07/1999;Mid;0;0
656;13/07/1999;High;0;6
657;14/07/1999;Mid;0;0
658;27/07/1999;High;0;0
659;28/07/1999;Mid;0;0
660;12/09/1999;Mid;0;0
661;14/09/1999;High;0;0
662;16/09/1999;High;0;0
663;22/09/1999;High;1;0
664;23/09/1999;Mid;1;0
665;25/09/1999;Mid;0;0
666;26/09/1999;High;0;10
667;3/10/1999;High;0;0
668;4/10/1999;Mid;0;0
669;5/10/1999;High;0;0
670;6/10/1999;Mid;0;0
671;7/10/1999;High;0;0
672;9/10/1999;Mid;0;27
673;13/10/1999;High;0;0
674;14/10/1999;Mid;0;0
675;14/10/1999;Mid;0;0
676;14/10/1999;Mid;0;0
677;15/10/1999;High;0;0
678;17/10/1999;Mid;0;0
679;19/10/1999;High;0;0
680;20/10/1999;Mid;0;1
681;24/10/1999;High;0;0
682;26/10/1999;High;0;0
683;26/10/1999;Mid;0;0
684;26/10/1999;Mid;0;0
685;27/10/1999;Mid;0;0
686;28/10/1999;Mid;0;0
687;31/10/1999;Mid;0;0
688;31/10/1999;High;0;0
689;3/11/1999;High;0;0
690;7/11/1999;High;0;0
691;10/11/1999;High;0;0
692;24/11/1999;High;0;0
693;11/12/1999;High;0;0
694;17/12/1999;Mid;0;0
695;20/12/1999;Mid;0;0
696;7/01/2000;Mid;0;0
697;10/01/2000;Mid;0;0
698;11/01/2000;High;0;0
699;16/01/2000;Mid;0;0
700;17/01/2000;Mid;0;0
701;30/01/2000;Mid;0;0
702;30/01/2000;Mid;0;1
703;31/01/2000;High;0;0
704;13/02/2000;High;0;0
705;17/02/2000;High;0;0
706;24/02/2000;High;0;0
707;27/02/2000;High;0;0
708;27/02/2000;Mid;0;0
709;28/02/2000;Mid;0;0
710;6/03/2000;High;0;0
711;21/03/2000;High;0;0
712;25/03/2000;High;0;0
713;27/03/2000;Mid;0;0
714;16/04/2000;Mid;0;0
715;16/04/2000;Mid;0;0
716;17/04/2000;Mid;0;0
717;1/05/2000;High;0;0
718;7/05/2000;Mid;0;0
719;8/05/2000;Mid;0;0
720;8/05/2000;Mid;0;0
721;8/05/2000;Mid;0;0
722;9/05/2000;Mid;0;0
723;9/05/2000;Mid;0;0
724;9/05/2000;High;0;0
725;13/05/2000;High;0;0
726;13/05/2000;Mid;7;0
727;14/05/2000;Mid;0;0
728;14/05/2000;Mid;7;0
729;15/05/2000;Mid;0;0
730;15/05/2000;High;0;0
731;17/05/2000;High;0;0
732;18/05/2000;Mid;0;0
733;18/05/2000;Mid;0;0
734;21/05/2000;Mid;0;0
735;24/05/2000;Mid;0;0
736;24/05/2000;Mid;0;0
737;25/05/2000;Mid;0;0
738;26/05/2000;High;0;0
739;28/05/2000;High;0;0
740;30/05/2000;Mid;0;0
741;30/05/2000;Mid;0;0
742;30/05/2000;High;0;0
743;31/05/2000;High;0;0
744;5/06/2000;High;0;0
745;7/06/2000;Mid;0;0
746;12/06/2000;Mid;0;0
747;15/06/2000;High;0;0
748;26/06/2000;High;0;0
749;27/06/2000;High;0;0
750;4/07/2000;High;2;0
751;12/07/2000;Mid;0;0
752;21/07/2000;Mid;0;0
753;24/07/2000;Mid;0;0
754;26/07/2000;Mid;0;0
755;30/07/2000;High;0;0
756;1/08/2000;High;0;0
757;2/08/2000;Mid;0;0
758;14/08/2000;Mid;0;0
759;27/08/2000;Mid;0;0
760;31/08/2000;Mid;0;0
761;2/09/2000;Mid;0;0
762;5/09/2000;High;0;0
763;6/09/2000;Mid;0;0
764;10/09/2000;Mid;0;0
765;10/09/2000;High;0;0
766;12/09/2000;High;0;0
767;18/09/2000;Mid;0;0
768;20/09/2000;High;0;0
769;21/09/2000;Mid;0;0
770;28/09/2000;High;0;0
771;3/10/2000;Mid;0;0
772;3/10/2000;Mid;0;0
773;1/11/2000;Mid;0;0
774;1/11/2000;Mid;0;0
775;3/11/2000;Mid;0;0
776;3/11/2000;Mid;0;0
777;6/11/2000;High;0;0
778;4/12/2000;Mid;0;0
779;5/12/2000;High;0;0
780;17/12/2000;High;0;0
781;25/12/2000;Mid;0;0
782;21/01/2001;Mid;0;0
783;14/07/2001;Mid;0;0
784;19/07/2001;Mid;0;3
785;14/10/2001;Mid;0;0
786;31/10/2001;Mid;0;0
787;20/11/2001;Mid;0;0
788;20/11/2001;Mid;0;0
789;20/11/2001;Mid;0;0
790;20/11/2001;Mid;0;0
791;20/11/2001;Mid;0;0
792;6/12/2001;Mid;0;0
793;21/12/2001;Mid;0;0
794;15/01/2002;High;0;0
795;21/05/2002;Mid;0;0
796;14/10/2002;Mid;0;0
797;24/10/2002;Mid;0;0
798;25/10/2002;High;0;0
799;28/10/2002;High;0;0
800;28/10/2002;Mid;0;0
801;13/11/2002;Mid;0;0
802;14/06/2003;High;2;0
803;12/03/2004;Mid;0;0
804;24/04/2004;Mid;2;0
805;24/04/2004;Mid;2;0
806;3/10/2004;High;1;0
807;9/10/2004;High;0;0
808;18/10/2004;High;0;0
809;23/10/2004;Mid;0;51
810;3/11/2004;High;0;0
811;6/11/2004;Mid;0;0
812;11/11/2004;Mid;0;100
813;22/03/2006;High;0;0
814;23/03/2006;High;3;0
815;13/10/2006;Mid;0;0
816;22/11/2006;High;0;0
817;18/05/2007;High;0;0
818;26/05/2007;High;0;0
819;26/05/2007;High;0;0
820;27/05/2007;High;7;0
821;26/10/2007;Mid;2;0
822;20/02/2008;High;0;0
823;23/03/2008;Mid;0;0
824;12/04/2008;High;0;0
825;13/04/2008;Mid;0;10
826;25/05/2008;Mid;0;0
827;26/05/2008;Mid;0;25
828;2/06/2008;High;0;60
829;6/06/2008;Mid;0;0
830;16/07/2008;Mid;4;0
831;12/10/2008;Mid;0;0
832;31/12/2008;High;1;0
833;24/01/2009;High;1;0
834;24/01/2009;High;0;3
835;24/01/2009;High;0;0
836;3/04/2009;High;2;80
837;2/06/2010;High;0;0
838;2/11/2010;High;0;60
839;7/11/2010;Mid;0;0
840;1/12/2010;High;0;0
841;18/05/2013;High;0;0
842;22/05/2013;High;0;500
843;13/07/2014;High;0;95
844;16/09/2014;High;0;0
845;21/09/2016;High;0;0
846;22/09/2016;High;0;0
847;9/12/2016;High;0;0
848;10/12/2016;High;0;0
849;31/03/2017;High;1;0
850;31/03/2017;Mid;0;0
851;1/04/2017;High;1;3000
852;7/04/2017;High;0;0
853;30/04/2017;High;1;0
854;29/05/2017;High;0;0
855;11/06/2017;Mid;0;0
856;11/06/2017;Mid;0;0
857;11/06/2017;Mid;0;0
858;11/06/2017;Mid;0;0
859;11/06/2017;Mid;0;0
860;11/06/2017;Mid;0;0
861;11/06/2017;Mid;0;0
862;22/06/2017;High;0;0
863;4/08/2017;High;0;0
864;24/10/2017;High;0;0
865;28/12/2017;Mid;0;0
866;30/12/2017;High;0;0
867;9/01/2018;Mid;0;0
868;25/03/2018;High;0;0
869;10/04/2018;High;0;0
870;27/04/2018;High;0;0
871;29/04/2018;Mid;0;0
872;9/05/2018;High;0;0
873;9/05/2018;Mid;0;0
874;11/05/2018;High;0;0
875;11/05/2018;High;0;0
876;15/05/2018;Mid;0;0
877;20/05/2018;High;0;0
878;20/05/2018;High;0;0
879;1/06/2018;Mid;0;0
880;1/06/2018;High;0;0
881;2/06/2018;High;0;0
882;13/11/2019;Mid;0;0
883;18/12/2019;High;2;0
884;10/07/2020;High;0;0
885;24/03/2021;low;0;0
886;1/06/2021;Mid;0;0
887;10/06/2021;Mid;0;0
888;10/06/2021;Mid;0;0
889;10/06/2021;Mid;1;0
890;3/09/2021;Mid;0;0
891;12/11/2021;Mid;0;0
892;12/11/2021;Mid;0;0
893;6/05/2022;Mid;0;0
894;20/05/2022;Mid;0;0
895;10/06/2022;Mid;0;0
896;27/06/2022;Mid;0;0
897;12/07/2022;Mid;2;0
898;27/10/2022;Mid;0;0
899;3/11/2022;Mid;0;0
